{
  "id": "2140288",
  "name": "image",
  "font_family": "iconfont",
  "css_prefix_text": "icon-",
  "description": "",
  "glyphs": [
    {
      "icon_id": "3298488",
      "name": "咨询信息",
      "font_class": "zixunxinxi",
      "unicode": "e665",
      "unicode_decimal": 58981
    },
    {
      "icon_id": "8703667",
      "name": "设 置",
      "font_class": "shezhi",
      "unicode": "e600",
      "unicode_decimal": 58880
    },
    {
      "icon_id": "9428156",
      "name": "消息中心",
      "font_class": "xiaoxi",
      "unicode": "e631",
      "unicode_decimal": 58929
    },
    {
      "icon_id": "10036337",
      "name": "用户",
      "font_class": "yonghu",
      "unicode": "e694",
      "unicode_decimal": 59028
    },
    {
      "icon_id": "11711340",
      "name": "律师",
      "font_class": "lvshi",
      "unicode": "e69a",
      "unicode_decimal": 59034
    },
    {
      "icon_id": "17575150",
      "name": "律师",
      "font_class": "ziyuan14",
      "unicode": "e647",
      "unicode_decimal": 58951
    },
    {
      "icon_id": "17758899",
      "name": "单鞋",
      "font_class": "danxie",
      "unicode": "e60b",
      "unicode_decimal": 58891
    },
    {
      "icon_id": "12568633",
      "name": "放大镜 [转换]",
      "font_class": "fangdajingzhuanhuan",
      "unicode": "e63a",
      "unicode_decimal": 58938
    },
    {
      "icon_id": "7532886",
      "name": "购物车",
      "font_class": "gouwuche",
      "unicode": "e664",
      "unicode_decimal": 58980
    },
    {
      "icon_id": "3884512",
      "name": "淘宝",
      "font_class": "taobao",
      "unicode": "e617",
      "unicode_decimal": 58903
    },
    {
      "icon_id": "12154178",
      "name": "收 藏",
      "font_class": "shoucang",
      "unicode": "e620",
      "unicode_decimal": 58912
    },
    {
      "icon_id": "14310941",
      "name": "淘宝客服-01",
      "font_class": "taobaokefu-01",
      "unicode": "e604",
      "unicode_decimal": 58884
    },
    {
      "icon_id": "14863011",
      "name": "店铺",
      "font_class": "dianpu",
      "unicode": "e63c",
      "unicode_decimal": 58940
    },
    {
      "icon_id": "6268303",
      "name": "返回",
      "font_class": "fanhui",
      "unicode": "e646",
      "unicode_decimal": 58950
    },
    {
      "icon_id": "10664706",
      "name": "搜索 search",
      "font_class": "search",
      "unicode": "e603",
      "unicode_decimal": 58883
    },
    {
      "icon_id": "2480667",
      "name": "首页",
      "font_class": "shouye",
      "unicode": "e630",
      "unicode_decimal": 58928
    },
    {
      "icon_id": "3442615",
      "name": "我的淘宝",
      "font_class": "wodetaobao",
      "unicode": "e602",
      "unicode_decimal": 58882
    },
    {
      "icon_id": "6554427",
      "name": "订单列表",
      "font_class": "dingdanliebiao",
      "unicode": "e668",
      "unicode_decimal": 58984
    },
    {
      "icon_id": "10026290",
      "name": "购物车",
      "font_class": "gouwuchezhengpin",
      "unicode": "e610",
      "unicode_decimal": 58896
    }
  ]
}
